3B,22,Miguel Sano,,R,R,158,158,670,573,137,22,5,57,133,111,90,6,0,230,8,0.239,0.339,0.593,0.354,0.932,135,0.273,5,3,0,"$572,500 "
1B,19,Chris Davis,,L,R,154,149,662,549,144,14,1,56,132,116,99,10,9,185,9,0.262,0.381,0.597,0.335,0.978,147,0.281,4.9,10,8,"$23,000,000 "
RF,34,Bryce Harper,,L,R,158,158,741,576,190,33,1,53,146,150,158,14,3,110,6,0.33,0.474,0.667,0.337,1.14,195,0.329,10.4,23,12,"$18,000,000 "
3B,17,Kris Bryant,,R,R,137,137,608,515,163,23,3,52,116,111,78,9,12,156,16,0.317,0.417,0.676,0.359,1.093,183,0.359,8.6,6,4,"$7,000,000 "
1B,79,Jose Abreu,,R,R,161,161,715,650,198,27,5,51,145,109,47,14,10,120,18,0.305,0.357,0.597,0.292,0.954,142,0.302,3.8,0,2,"$12,800,000 "
C,24,Gary Sanchez,,R,R,129,127,560,501,153,27,2,51,106,98,49,7,4,112,22,0.305,0.368,0.673,0.367,1.041,163,0.297,6.8,2,6,"$557,900 "
RF,10,Hunter Renfroe,,R,R,137,126,555,518,138,26,2,48,104,95,31,0,2,149,11,0.266,0.308,0.602,0.336,0.91,136,0.277,4.4,6,2,"$535,900 "
RF,45,Mark Trumbo,,R,R,133,118,530,479,140,28,2,48,120,92,43,3,2,130,14,0.292,0.349,0.66,0.367,1.009,152,0.3,3.4,0,1,"$12,500,000 "
RF,27,Giancarlo Stanton,,R,R,131,131,571,478,141,21,2,43,110,93,85,11,3,150,9,0.295,0.401,0.617,0.322,1.018,167,0.338,6.2,5,0,"$25,000,000 "
3B,20,Josh Donaldson,,R,R,156,156,702,604,167,28,2,42,114,106,83,8,9,133,15,0.276,0.369,0.538,0.262,0.907,135,0.287,6.7,3,0,"$18,000,000 "
1B,21,Lucas Duda,,L,R,154,153,679,591,152,27,0,41,95,91,70,4,14,163,13,0.257,0.348,0.511,0.254,0.859,127,0.285,3.2,0,0,"$11,500,000 "
1B,10,Edwin Encarnacion,,R,R,142,140,652,549,156,23,2,41,122,112,86,2,9,129,7,0.284,0.386,0.557,0.273,0.943,143,0.298,4.5,7,0,"$17,000,000 "
RF,30,Nomar Mazara,,L,L,158,155,704,626,188,32,4,41,121,111,69,9,6,120,18,0.3,0.374,0.561,0.26,0.934,137,0.314,5.4,4,4,"$546,450 "
CF,27,Mike Trout,,R,R,157,157,712,575,184,25,6,41,102,120,124,16,6,144,14,0.32,0.444,0.598,0.278,1.042,172,0.364,8.4,29,10,"$33,250,000 "
LF,7,Eric Thames,,L,R,153,141,632,562,144,24,0,40,108,102,52,1,12,181,7,0.256,0.329,0.512,0.256,0.842,118,0.3,2.3,18,3,"$5,000,000 "
LF,52,Yoenis Cespedes,,R,R,139,136,608,545,149,20,2,38,95,83,53,8,4,124,8,0.273,0.339,0.527,0.253,0.865,128,0.285,3.5,0,0,"$29,000,000 "
2B,12,Rougned Odor,,L,R,155,152,678,635,188,40,10,38,128,96,22,3,12,135,9,0.296,0.327,0.57,0.274,0.898,125,0.318,4.8,6,4,"$3,000,000 "
3B,28,Nolan Arenado,,R,R,157,157,697,631,164,36,5,37,111,84,58,7,1,94,20,0.26,0.32,0.509,0.249,0.829,105,0.25,5.3,0,0,"$17,750,000 "
3B,7,Maikel Franco,,R,R,155,154,667,627,171,21,1,37,95,87,31,3,5,125,21,0.273,0.31,0.486,0.214,0.797,107,0.286,3.2,2,0,"$2,920,000 "
1B,14,Justin Smoak,,S,L,150,147,627,557,149,29,1,37,94,76,66,6,2,156,10,0.268,0.346,0.522,0.255,0.869,124,0.306,3,0,0,"$4,125,000 "
LF,8,Ryan Braun,,R,R,137,127,573,509,153,20,3,36,100,96,52,7,6,103,17,0.301,0.368,0.564,0.263,0.932,141,0.311,3.9,10,3,"$19,000,000 "
LF,23,Adam Duvall,,R,R,135,118,525,485,134,24,4,36,103,79,32,6,2,144,14,0.276,0.32,0.565,0.289,0.885,126,0.315,2.3,1,2,"$577,500 "
3B,13,Joey Gallo,,L,R,145,140,569,499,94,22,2,36,80,72,65,4,4,184,9,0.188,0.286,0.457,0.269,0.743,88,0.207,1.8,6,2,"$537,120 "
1B,44,Paul Goldschmidt,,R,R,161,161,724,595,160,25,7,36,94,126,118,4,6,152,10,0.269,0.393,0.516,0.247,0.909,139,0.302,5.8,28,11,"$11,000,000 "
3B,25,Ryon Healy,,R,R,124,118,524,494,135,25,2,36,95,69,22,1,2,114,23,0.273,0.303,0.551,0.277,0.854,118,0.283,1.5,1,0,"$537,500 "
1B,24,Miguel Cabrera,,R,R,133,133,603,516,158,30,0,35,95,93,81,16,1,108,16,0.306,0.398,0.568,0.262,0.966,148,0.325,4.3,1,0,"$30,000,000 "
CF,39,Kevin Kiermaier,,L,R,157,157,718,652,178,31,8,35,92,109,55,4,4,122,10,0.273,0.331,0.506,0.233,0.837,117,0.285,6.1,25,3,"$5,500,000 "
SS,12,Francisco Lindor,,S,R,159,159,768,698,232,32,3,35,114,138,62,3,1,82,9,0.332,0.384,0.537,0.205,0.921,138,0.335,9.4,11,6,"$579,300 "
3B,30,Mike Moustakas,,L,R,153,152,681,604,137,14,2,35,86,88,66,16,6,107,18,0.227,0.307,0.43,0.204,0.737,91,0.218,0.9,4,5,"$4,960,000 "
C,3,Mike Zunino,,R,R,129,129,534,493,124,22,2,35,98,75,27,0,13,183,11,0.252,0.307,0.517,0.266,0.824,112,0.322,3.5,0,3,"$4,520,000 "
SS,1,Carlos Correa,,R,R,139,136,611,539,157,33,4,34,104,88,63,10,5,111,16,0.291,0.368,0.557,0.265,0.925,137,0.309,5.4,10,4,"$535,000 "
3B,10,Yulieski Gurriel,,R,R,145,142,648,558,161,25,2,33,94,100,77,12,10,99,17,0.289,0.384,0.518,0.229,0.902,134,0.3,4.8,9,1,"$12,000,000 "
1B,19,Tommy Joseph,,R,R,152,144,626,597,177,34,4,33,91,74,20,1,5,126,15,0.296,0.323,0.533,0.236,0.855,121,0.326,2.5,0,5,"$543,000 "
RF,99,Aaron Judge,,R,R,98,98,426,374,87,11,1,33,75,62,46,2,6,144,5,0.233,0.326,0.532,0.299,0.858,119,0.274,1.9,2,1,"$544,500 "
SS,13,Brad Miller,,L,R,150,144,616,540,146,27,8,33,89,87,66,3,1,133,10,0.27,0.348,0.533,0.263,0.881,129,0.298,2.8,10,4,"$7,100,000 "
CF,4,George Springer,,R,R,157,156,706,618,167,27,5,33,97,98,77,6,6,182,20,0.27,0.354,0.49,0.22,0.844,118,0.328,3,15,2,"$6,000,000 "
2B,20,Neil Walker,,S,R,153,149,703,628,196,37,2,33,101,110,65,1,7,96,17,0.312,0.381,0.535,0.223,0.916,143,0.325,6.6,0,0,"$19,200,000 "
RF,26,Nelson Cruz,,R,R,122,117,511,461,118,18,0,32,78,68,44,12,4,138,9,0.256,0.325,0.503,0.247,0.828,115,0.294,0.2,2,0,"$14,000,000 "
1B,5,Freddie Freeman,,L,R,161,161,725,597,167,33,2,32,100,104,114,19,9,153,10,0.28,0.4,0.503,0.223,0.903,139,0.324,4.3,4,4,"$21,000,000 "
2B,22,Jason Kipnis,,L,R,141,138,627,541,155,31,2,32,99,98,68,8,10,120,7,0.287,0.373,0.529,0.242,0.902,133,0.312,3.8,11,1,"$13,500,000 "
RF,66,Yasiel Puig,,R,R,141,139,646,574,161,25,7,32,84,115,61,6,6,140,8,0.28,0.353,0.516,0.235,0.869,129,0.318,4.6,15,3,"$7,500,000 "
2B,2,Brian Dozier,,R,R,147,142,614,546,137,27,3,31,91,76,59,2,6,121,12,0.251,0.329,0.482,0.231,0.811,107,0.267,2.1,6,6,"$9,000,000 "
CF,31,Joc Pederson,,L,L,111,107,461,387,105,18,0,31,82,86,62,2,6,120,4,0.271,0.378,0.558,0.287,0.936,147,0.31,4.2,13,3,"$5,600,000 "
RF,25,Gregory Polanco,,L,L,158,158,743,648,202,35,7,31,93,113,80,2,3,109,6,0.312,0.386,0.531,0.219,0.917,141,0.331,5.8,13,11,"$3,500,000 "
RF,56,Kole Calhoun,,L,L,156,156,667,591,163,28,4,30,93,90,66,9,5,128,10,0.276,0.351,0.489,0.213,0.84,119,0.304,3.8,3,2,"$8,500,000 "
1B,16,Casey Gillaspie,,S,L,119,114,487,416,111,17,1,30,78,73,61,6,5,102,9,0.267,0.365,0.529,0.262,0.894,133,0.282,2.6,0,0,"$535,000 "
RF,6,Carlos Gonzalez,,L,L,140,113,511,460,116,24,1,30,66,64,48,6,2,108,14,0.252,0.325,0.504,0.252,0.829,105,0.266,1.8,2,2,"$4,320,000 "
LF,37,Brandon Moss,,L,R,137,125,506,451,97,18,0,30,62,63,48,4,6,135,8,0.215,0.298,0.455,0.239,0.753,93,0.233,0,1,2,"$7,250,000 "
2B,6,Jonathan Schoop,,R,R,148,146,621,573,156,33,1,30,98,88,29,1,9,130,13,0.272,0.315,0.49,0.218,0.806,104,0.302,3.3,5,2,"$5,200,000 "
SS,5,Corey Seager,,L,R,158,158,715,637,210,47,7,30,109,99,61,1,8,105,11,0.33,0.391,0.567,0.237,0.957,153,0.353,8.6,11,6,"$575,000 "
3B,15,Kyle Seager,,L,R,155,155,689,606,160,30,2,30,86,82,72,3,3,109,12,0.264,0.343,0.469,0.205,0.811,112,0.275,4.3,12,6,"$18,500,000 "
1B,19,Kennys Vargas,,S,R,120,114,487,428,104,11,1,30,69,70,52,3,2,116,10,0.243,0.326,0.484,0.241,0.809,107,0.26,0.8,1,0,"$540,000 "
2B,44,Arismendy Alcantara,,S,R,143,132,602,552,145,22,8,29,102,94,43,0,0,143,11,0.263,0.313,0.489,0.226,0.802,107,0.301,2.7,20,8,"$10,000,000 "
CF,22,Andrew McCutchen,,R,R,157,145,664,557,172,32,0,29,101,90,95,8,5,126,22,0.309,0.411,0.522,0.214,0.933,147,0.351,4.9,14,3,"$14,500,000 "
1B,44,Anthony Rizzo,,L,L,159,159,715,589,153,33,6,29,96,110,102,6,20,95,17,0.26,0.385,0.484,0.224,0.868,129,0.264,4.3,8,3,"$7,000,000 "
SS,5,Jonathan Villar,,S,R,158,157,746,646,195,40,8,29,80,117,86,4,4,163,4,0.302,0.385,0.523,0.221,0.908,137,0.362,4.1,30,19,"$6,300,000 "
1B,12,Cody Bellinger,,L,L,69,68,306,271,75,7,1,28,64,50,31,4,0,69,8,0.277,0.346,0.62,0.343,0.966,151,0.264,2.4,5,0,"$535,000 "
1B,9,Brandon Belt,,L,L,159,153,682,593,135,29,5,28,81,96,87,11,2,174,9,0.228,0.328,0.435,0.207,0.764,104,0.274,2.2,4,1,"$16,000,000 "
CF,16,Carlos Gomez,,R,R,148,148,678,605,179,36,3,28,88,113,43,1,22,166,10,0.296,0.363,0.504,0.208,0.867,121,0.365,5.7,23,20,"$3,200,000 "
LF,15,Randal Grichuk,,R,R,143,130,590,539,136,30,4,28,81,65,40,1,4,147,11,0.252,0.305,0.479,0.226,0.784,104,0.291,2,2,3,"$2,920,000 "
2B,3,Ian Kinsler,,R,R,120,120,546,506,150,27,2,28,74,84,29,1,3,83,14,0.296,0.338,0.524,0.227,0.861,120,0.308,3.5,7,2,"$10,000,000 "
DH,8,Kendrys Morales,,S,R,129,115,529,465,126,28,1,28,81,71,55,1,4,97,12,0.271,0.35,0.516,0.245,0.866,124,0.284,2.2,0,0,"$11,000,000 "
LF,13,Hanley Ramirez,,R,R,151,149,660,596,158,32,2,28,119,80,53,3,2,128,21,0.265,0.323,0.466,0.201,0.789,100,0.29,0.8,1,0,"$22,000,000 "
RF,16,Domingo Santana,,R,R,128,98,459,394,106,26,1,28,59,74,58,0,6,135,9,0.269,0.37,0.553,0.284,0.924,140,0.336,3.6,8,1,"$542,200 "
C,9,Yasmani Grandal,,S,R,121,120,518,428,121,17,2,27,73,83,85,3,1,114,7,0.283,0.4,0.521,0.238,0.921,145,0.323,5.8,2,0,"$11,700,000 "
3B,13,Manny Machado,,R,R,157,157,718,632,191,34,0,27,99,120,78,6,1,102,20,0.302,0.376,0.484,0.182,0.86,121,0.322,6.3,8,1,"$17,800,000 "
SS,27,Addison Russell,,R,R,150,142,642,578,151,36,5,27,85,87,47,2,11,158,16,0.261,0.327,0.481,0.22,0.808,111,0.313,4.4,13,3,"$5,200,000 "
3B,21,Travis Shaw,,L,R,156,148,636,557,144,34,3,27,75,87,73,10,3,138,10,0.259,0.346,0.476,0.217,0.822,114,0.297,1.8,1,1,"$544,400 "
SS,27,Trevor Story,,R,R,141,131,570,531,138,33,7,27,64,63,35,2,1,173,9,0.26,0.306,0.501,0.241,0.807,99,0.333,2.3,10,5,"$540,000 "
3B,10,Justin Turner,,R,R,153,148,663,595,176,37,2,27,90,100,53,3,8,121,7,0.296,0.359,0.501,0.205,0.86,127,0.33,4.4,11,7,"$11,000,000 "
1B,23,Dan Vogelbach,,L,R,152,151,648,564,155,35,1,27,97,88,77,0,4,154,19,0.275,0.364,0.484,0.209,0.848,122,0.332,2.4,4,1,"$535,000 "
RF,19,Jose Bautista,,R,R,109,106,470,385,85,21,0,26,61,70,79,1,5,100,9,0.221,0.36,0.478,0.257,0.838,119,0.228,1,3,5,"$17,000,000 "
RF,43,J.D. Martinez,,R,R,106,100,443,398,114,21,3,26,81,62,39,3,4,105,10,0.286,0.354,0.55,0.264,0.905,131,0.327,2,1,1,"$11,200,000 "
1B,4,Wil Myers,,R,R,161,161,715,618,174,32,1,26,87,96,88,13,6,182,9,0.282,0.375,0.463,0.181,0.838,124,0.358,4.2,23,7,"$2,000,000 "
3B,6,Anthony Rendon,,R,R,158,155,709,626,166,37,3,26,86,114,63,1,9,116,13,0.265,0.339,0.458,0.193,0.797,106,0.286,4.4,15,8,"$7,300,000 "
CF,19,Jackie Bradley Jr.,,L,R,156,152,656,569,155,30,6,25,89,84,72,9,8,151,9,0.272,0.358,0.478,0.206,0.836,114,0.325,4,2,0,"$6,800,000 "
2B,11,Logan Forsythe,,R,R,156,156,688,604,182,42,4,25,89,102,61,2,20,110,9,0.301,0.383,0.508,0.207,0.891,137,0.333,5.6,12,5,"$9,000,000 "
RF,22,Josh Reddick,,L,R,116,108,463,426,111,16,3,25,71,59,26,0,0,59,9,0.261,0.299,0.488,0.228,0.787,101,0.247,1.2,4,3,"$13,000,000 "
RF,19,Charlie Blackmon,,L,L,134,126,558,502,156,36,5,24,83,83,43,2,8,76,6,0.311,0.372,0.546,0.235,0.917,128,0.325,3.4,12,7,"$11,500,000 "
SS,2,Xander Bogaerts,,R,R,157,157,713,649,182,41,1,24,91,98,52,3,6,110,16,0.28,0.337,0.458,0.177,0.795,103,0.304,3.9,10,4,"$6,700,000 "
3B,3,Evan Longoria,,R,R,102,102,450,405,107,26,1,24,69,68,36,1,4,84,14,0.264,0.327,0.511,0.247,0.839,117,0.276,3.1,1,0,"$13,500,000 "
C,13,Salvador Perez,,R,R,116,110,491,468,130,25,1,24,86,61,15,1,3,92,8,0.278,0.301,0.489,0.212,0.791,102,0.297,2.6,1,2,"$7,500,000 "
1B,41,Carlos Santana,,S,R,159,151,689,580,143,29,4,24,93,89,96,9,4,122,19,0.247,0.353,0.434,0.188,0.787,105,0.269,1.7,1,0,"$6,000,000 "
SS,7,Tim Anderson,,R,R,143,142,605,571,151,18,10,23,68,80,23,3,7,137,7,0.264,0.299,0.452,0.187,0.751,92,0.308,2.6,19,7,"$1,000,000 "
SS,59,Freddy Galvis,,S,R,137,134,544,514,130,24,4,23,63,66,26,0,0,99,9,0.253,0.287,0.449,0.196,0.737,91,0.271,2,14,4,"$750,000 "
1B,35,Eric Hosmer,,L,L,149,139,600,545,152,21,2,23,92,66,52,2,1,96,16,0.279,0.342,0.451,0.172,0.793,106,0.301,1.7,1,1,"$6,300,000 "
CF,13,Marcell Ozuna,,R,R,136,130,573,529,139,28,1,23,81,74,35,2,0,130,14,0.263,0.304,0.45,0.187,0.754,98,0.302,0.2,4,2,"$4,520,000 "
1B,5,Albert Pujols,,R,R,142,133,601,548,146,21,1,23,83,64,37,2,2,88,21,0.266,0.309,0.434,0.168,0.743,94,0.274,0.6,6,2,"$27,000,000 "
2B,21,Ryan Schimpf,,L,R,93,84,357,321,69,10,2,23,53,47,32,2,2,126,1,0.215,0.289,0.474,0.259,0.762,100,0.264,1,3,0,"$546,200 "
2B,27,Jose Altuve,,R,R,158,157,720,663,198,58,2,22,100,97,43,4,3,78,22,0.299,0.342,0.492,0.193,0.833,115,0.31,4.3,29,10,"$6,000,000 "
CF,23,Keon Broxton,,R,R,143,117,505,452,97,17,7,22,62,69,39,2,7,170,8,0.215,0.285,0.429,0.215,0.714,85,0.284,1.5,13,3,"$541,200 "
3B,9,Nicholas Castellanos,,R,R,136,136,563,515,142,30,8,22,74,71,41,6,4,141,14,0.276,0.333,0.493,0.217,0.826,111,0.339,2.1,1,0,"$5,300,000 "
CF,25,Dexter Fowler,,S,R,140,114,526,445,130,19,4,22,60,68,70,5,5,109,9,0.292,0.393,0.501,0.209,0.894,136,0.342,3.9,5,2,"$14,500,000 "
3B,21,Todd Frazier,,R,R,123,120,529,464,106,20,0,22,64,71,52,0,6,110,9,0.228,0.311,0.414,0.185,0.724,87,0.249,1.4,5,1,"$1,940,000 "
LF,28,Matt Holliday,,R,R,113,101,430,385,111,17,0,22,64,58,24,2,16,86,9,0.288,0.351,0.504,0.216,0.855,120,0.316,1.6,2,0,"$3,440,000 "
3B,23,Jefry Marte,,R,R,104,102,441,405,102,21,0,22,62,59,31,0,5,101,5,0.252,0.313,0.467,0.215,0.78,102,0.284,1.3,5,1,"$547,000 "
C,55,Russell Martin,,R,R,128,128,542,454,106,14,0,22,64,85,70,3,13,116,15,0.233,0.35,0.41,0.176,0.76,100,0.263,2.8,1,1,"$20,000,000 "
SS,7,Trea Turner,,R,R,126,126,601,561,170,33,5,22,64,113,31,3,1,103,5,0.303,0.338,0.497,0.194,0.835,115,0.336,4.2,36,10,"$554,900 "
LF,8,Justin Upton,,R,R,127,120,526,461,103,19,2,22,76,64,60,5,1,157,10,0.223,0.312,0.416,0.193,0.729,88,0.284,0.3,3,1,"$22,125,000 "
CF,30,Michael Conforto,,L,R,117,117,553,454,121,31,2,21,67,81,82,10,12,92,4,0.267,0.389,0.482,0.216,0.871,133,0.289,3.7,0,1,"$554,904 "
LF,2,Khris Davis,,R,R,153,152,658,585,134,23,1,21,61,75,65,4,7,194,17,0.229,0.313,0.379,0.15,0.693,82,0.305,0.1,1,2,"$6,700,000 "
LF,8,O'Koyea Dickson,,R,R,118,81,373,334,98,13,1,21,73,50,32,4,3,78,8,0.293,0.357,0.527,0.234,0.884,133,0.322,2.4,2,1,"$535,000 "
3B,22,Jake Lamb,,L,R,139,127,566,484,105,18,3,21,64,73,75,5,4,154,8,0.217,0.325,0.397,0.18,0.722,90,0.269,1,6,2,"$930,000 "
DH,41,Victor Martinez,,S,R,127,108,486,443,121,12,1,21,51,57,38,2,3,69,14,0.273,0.335,0.447,0.174,0.782,102,0.283,0.7,0,0,"$18,000,000 "
RF,73,Daniel Palka,,L,L,75,67,279,254,57,9,0,21,46,38,21,0,1,99,7,0.224,0.283,0.508,0.283,0.791,99,0.263,0.4,1,0,"$535,000 "
1B,11,Ryan Zimmerman,,R,R,140,76,412,370,111,18,1,21,77,66,35,3,5,95,6,0.3,0.367,0.524,0.224,0.891,130,0.352,2.4,0,1,"$14,000,000 "
LF,23,Michael Brantley,,L,L,132,127,596,534,178,47,3,20,98,95,45,0,5,73,11,0.333,0.388,0.545,0.212,0.933,141,0.355,5.1,12,3,"$11,000,000 "
C,16,Brian McCann,,L,R,95,94,373,336,77,16,1,20,48,50,35,1,2,76,17,0.229,0.306,0.461,0.232,0.767,97,0.237,1.8,0,0,"$11,500,000 "
CF,10,Kirk Nieuwenhuis,,L,R,129,34,244,215,62,7,0,20,47,38,25,0,1,69,2,0.288,0.361,0.6,0.312,0.961,147,0.326,2.1,5,3,"$2,640,000 "
LF,14,Seth Smith,,L,L,126,112,478,409,111,27,1,20,55,58,63,4,4,92,11,0.271,0.372,0.489,0.218,0.861,121,0.304,2.5,0,1,"$9,800,000 "
1B,24,Yonder Alonso,,L,R,141,133,587,518,148,27,0,19,76,68,60,3,2,72,20,0.286,0.359,0.448,0.162,0.807,111,0.299,1.5,3,1,"$3,280,000 "
1B,55,Josh Bell,,S,R,159,143,682,586,160,20,8,19,72,108,89,6,2,104,20,0.273,0.369,0.432,0.159,0.801,113,0.303,2.2,4,1,"$549,000 "
2B,14,Starlin Castro,,R,R,99,88,360,345,87,12,1,19,59,45,9,3,3,68,11,0.252,0.276,0.458,0.206,0.734,87,0.262,0.6,3,2,"$10,000,000 "
RF,22,Dylan Cozens,,L,L,90,81,342,318,89,12,3,19,52,41,21,0,1,103,2,0.28,0.326,0.516,0.236,0.842,118,0.357,1.7,6,4,"$535,000 "
1B,20,Ian Desmond,,R,R,111,101,415,377,106,19,0,19,52,51,31,2,4,105,5,0.281,0.34,0.483,0.202,0.823,105,0.34,1.9,8,4,"$22,000,000 "
C,13,Evan Gattis,,R,R,89,75,334,302,66,12,0,19,38,40,23,1,3,78,7,0.219,0.278,0.447,0.228,0.725,85,0.226,0.4,1,0,"$6,700,000 "
RF,22,Jason Heyward,,L,L,128,128,559,471,138,31,4,19,63,79,78,3,5,67,8,0.293,0.397,0.497,0.204,0.894,136,0.307,5.4,17,5,"$21,500,000 "
LF,25,Hyun-soo Kim,,L,R,141,127,553,474,141,25,0,19,75,78,66,4,5,70,17,0.297,0.385,0.47,0.173,0.856,121,0.313,2.2,1,3,"$4,200,000 "
C,25,Jonathan Lucroy,,R,R,129,129,556,492,139,25,0,19,63,65,56,5,4,89,14,0.283,0.358,0.449,0.167,0.807,108,0.309,3.3,2,0,"$21,200,000 "
LF,12,Kyle Schwarber,,L,R,108,29,214,181,50,11,0,19,53,37,30,4,3,62,2,0.276,0.388,0.652,0.376,1.04,169,0.31,1.6,0,0,"$565,500 "
CF,16,Andrew Benintendi,,L,L,117,116,521,447,150,30,8,18,69,81,64,10,3,58,6,0.336,0.418,0.559,0.224,0.977,150,0.351,4.7,13,4,"$549,000 "
C,29,Welington Castillo,,R,R,101,96,385,355,79,12,1,18,63,45,24,4,3,92,12,0.223,0.275,0.414,0.192,0.689,75,0.246,0.7,0,1,"$7,000,000 "
2B,12,Nick Franklin,,S,R,118,98,415,369,97,23,2,18,53,54,40,3,3,104,5,0.263,0.337,0.482,0.22,0.82,113,0.316,2.2,7,0,"$2,040,000 "
CF,22,Chris Heisey,,R,R,122,46,255,224,55,6,1,18,53,34,25,5,5,62,0,0.246,0.335,0.522,0.277,0.857,120,0.257,1.3,2,2,"$1,500,000 "
CF,20,Eddie Rosario,,L,R,104,98,418,401,109,16,4,18,53,49,10,0,1,103,6,0.272,0.288,0.466,0.195,0.755,91,0.32,0.8,8,4,"$552,500 "
SS,7,Eugenio Suarez,,R,R,152,138,593,515,137,22,2,18,66,68,71,6,6,145,8,0.266,0.361,0.421,0.155,0.783,106,0.338,3.2,11,5,"$3,760,000 "
1B,19,Joey Votto,,L,R,130,127,562,448,135,32,2,18,75,76,106,11,5,95,11,0.301,0.438,0.502,0.201,0.94,148,0.346,4.2,3,0,"$25,000,000 "
RF,31,Oswaldo Arcia,,L,R,106,89,389,346,90,9,2,17,60,41,31,1,9,116,4,0.26,0.334,0.445,0.185,0.779,104,0.338,0.9,0,0,"$1,340,000 "
1B,33,Greg Bird,,L,R,78,73,292,252,62,13,0,17,39,41,36,3,2,61,8,0.246,0.342,0.5,0.254,0.842,116,0.256,1.1,0,1,"$545,500 "
2B,22,Robinson Cano,,L,R,71,71,321,294,84,14,1,17,47,37,22,5,2,48,12,0.286,0.336,0.514,0.228,0.85,121,0.289,1,2,1,"$24,000,000 "
C,18,Travis d'Arnaud,,R,R,103,101,402,356,92,15,1,17,44,51,42,5,1,71,8,0.258,0.336,0.449,0.191,0.785,109,0.277,2.2,0,0,"$4,600,000 "
LF,11,Corey Dickerson,,L,R,115,110,444,413,101,29,4,17,56,46,30,3,0,128,6,0.245,0.295,0.458,0.213,0.753,95,0.312,0.5,4,0,"$860,000 "
CF,2,Adam Eaton,,L,L,126,110,496,440,132,28,7,17,72,80,41,4,10,77,8,0.3,0.37,0.511,0.211,0.881,128,0.329,3.2,13,4,"$6,000,000 "
SS,17,Marwin Gonzalez,,S,R,107,105,432,390,100,26,2,17,52,62,35,5,2,93,3,0.256,0.32,0.464,0.208,0.784,102,0.295,0.8,11,2,"$1,180,000 "
C,18,Austin Hedges,,R,R,129,129,534,508,125,19,1,17,66,49,18,5,4,124,20,0.246,0.276,0.388,0.142,0.664,76,0.292,0.8,0,1,"$537,100 "
RF,6,Starling Marte,,R,R,121,120,551,506,140,27,2,17,73,80,27,0,13,135,11,0.277,0.327,0.439,0.162,0.766,102,0.344,2.2,13,12,"$7,500,000 "
1B,23,A.J. Reed,,L,L,54,47,216,185,47,6,0,17,34,40,27,1,2,58,3,0.254,0.352,0.562,0.308,0.914,134,0.268,1.1,0,0,"$535,000 "
SS,2,Troy Tulowitzki,,R,R,137,136,550,496,118,25,0,17,63,51,41,1,6,134,18,0.238,0.302,0.391,0.153,0.693,81,0.289,1.5,0,1,"$20,000,000 "
CF,30,Ronald Acuna,,R,R,153,150,671,631,168,36,3,16,86,73,29,0,6,167,16,0.266,0.303,0.409,0.143,0.711,87,0.336,1.8,25,15,"$535,000 "
SS,36,Aledmys Diaz,,R,R,117,112,483,432,121,26,3,16,61,51,39,3,5,100,11,0.28,0.342,0.465,0.185,0.807,112,0.325,2.5,2,2,"$2,000,000 "
2B,32,Derek Dietrich,,L,R,124,116,473,416,106,17,6,16,61,57,27,6,30,97,5,0.255,0.345,0.44,0.185,0.785,108,0.297,2,4,1,"$2,920,000 "
SS,5,Eduardo Escobar,,S,R,108,95,417,379,123,31,1,16,63,57,28,0,2,56,8,0.325,0.37,0.538,0.214,0.909,132,0.344,3.3,1,2,"$5,400,000 "
LF,4,Alex Gordon,,L,R,137,128,525,467,121,18,1,16,51,64,45,6,10,118,7,0.259,0.335,0.405,0.146,0.74,93,0.312,1.5,4,3,"$20,000,000 "
RF,6,Brandon Guyer,,R,R,138,138,612,542,161,31,4,16,66,76,36,2,30,94,19,0.297,0.372,0.458,0.161,0.829,116,0.333,2.7,6,1,"$2,750,000 "
3B,25,Paul Hoenecke,,L,R,52,51,224,198,52,6,0,16,38,30,20,1,2,35,2,0.263,0.33,0.535,0.273,0.866,127,0.238,1.5,1,1,"$535,000 "
CF,10,Adam Jones,,R,R,112,106,505,474,120,20,2,16,51,67,26,2,2,109,5,0.253,0.294,0.405,0.152,0.699,78,0.296,-1.1,11,2,"$17,000,000 "
RF,26,Max Kepler,,L,L,121,118,514,452,130,34,8,16,69,81,58,2,1,91,8,0.288,0.368,0.504,0.217,0.873,124,0.329,3.5,5,2,"$547,500 "
2B,20,Daniel Murphy,,L,R,115,110,483,446,161,38,4,16,77,79,30,4,3,36,12,0.361,0.402,0.572,0.211,0.974,152,0.365,3.7,10,4,"$17,500,000 "
RF,30,Tyler Naquin,,L,R,90,88,401,354,101,13,2,16,53,51,43,3,0,97,13,0.285,0.36,0.469,0.184,0.829,115,0.348,1.1,6,3,"$564,800 "
2B,12,Joe Panik,,L,R,147,143,645,589,167,31,4,16,70,77,42,2,5,55,12,0.284,0.334,0.431,0.148,0.766,105,0.289,3.5,3,7,"$5,200,000 "
RF,8,Hunter Pence,,R,R,129,121,537,470,127,29,2,16,72,73,59,3,4,125,8,0.27,0.354,0.443,0.172,0.796,113,0.333,2.5,6,4,"$18,500,000 "
LF,17,Ryan Raburn,,R,R,108,62,293,273,72,17,2,16,40,36,16,3,2,85,5,0.264,0.308,0.516,0.253,0.825,112,0.324,0.6,0,0,"$1,000,000 "
2B,29,Devon Travis,,R,R,82,80,351,323,81,15,1,16,46,46,21,1,1,84,2,0.251,0.295,0.452,0.201,0.747,93,0.286,0.6,5,1,"$1,100,000 "
3B,12,Chase Headley,,S,R,138,137,554,494,118,24,3,15,55,62,47,2,9,118,13,0.239,0.315,0.391,0.152,0.706,84,0.284,1.3,2,3,"$13,000,000 "
C,12,Chris Herrmann,,L,R,104,89,377,343,83,24,1,15,49,36,32,1,0,87,3,0.242,0.307,0.449,0.207,0.756,97,0.282,1.3,3,2,"$2,120,000 "
RF,23,Matt Joyce,,L,R,92,88,375,322,90,18,4,15,39,55,47,3,3,78,12,0.28,0.374,0.5,0.22,0.874,128,0.325,1,2,0,"$6,000,000 "
C,34,Derek Norris,,R,R,76,70,287,244,51,9,0,15,39,38,31,0,6,73,11,0.209,0.308,0.43,0.221,0.738,93,0.224,1.3,2,0,"$535,000 "
RF,7,Jarrett Parker,,L,L,122,87,381,335,82,12,3,15,52,42,40,2,3,114,5,0.245,0.328,0.433,0.188,0.761,103,0.321,1.3,4,1,"$539,000 "
2B,18,Chad Pinder,,R,R,133,131,518,472,127,29,3,15,62,62,32,4,10,144,9,0.269,0.328,0.439,0.169,0.767,100,0.357,2.2,7,1,"$535,000 "
C,28,Buster Posey,,R,R,129,129,590,515,158,35,0,15,70,87,65,3,2,59,14,0.307,0.381,0.462,0.155,0.843,126,0.318,5.4,10,2,"$21,400,000 "
3B,14,Rio Ruiz,,L,R,120,113,482,433,119,25,4,15,68,54,43,2,2,108,6,0.275,0.34,0.455,0.18,0.795,110,0.331,3,7,3,"$535,000 "
SS,13,Jean Segura,,R,R,154,154,684,631,172,34,5,15,68,87,41,8,5,95,18,0.273,0.321,0.414,0.141,0.734,93,0.3,1.3,28,10,"$8,100,000 "
2B,26,Yangervis Solarte,,S,R,156,139,616,556,165,34,4,15,87,75,53,6,4,73,15,0.297,0.36,0.453,0.156,0.814,117,0.318,2.9,1,1,"$4,000,000 "
3B,19,Luis Valbuena,,L,R,110,97,421,362,88,16,3,15,60,52,49,0,5,100,9,0.243,0.337,0.428,0.185,0.765,101,0.29,1.7,7,1,"$8,000,000 "
SS,2,Alex Bregman,,R,R,121,112,520,469,150,42,4,14,60,76,43,0,2,58,6,0.32,0.376,0.516,0.196,0.892,131,0.338,3.5,9,2,"$539,400 "
LF,53,Melky Cabrera,,S,L,123,97,440,406,131,31,1,14,60,62,31,3,0,45,10,0.323,0.368,0.507,0.185,0.876,126,0.334,2.3,3,0,"$4,320,000 "
C,40,Willson Contreras,,R,R,109,75,361,316,81,9,1,14,49,57,35,5,5,78,14,0.256,0.336,0.424,0.168,0.76,100,0.294,1.5,2,1,"$554,500 "
SS,35,Brandon Crawford,,L,R,152,152,626,569,156,36,4,14,76,58,45,5,3,139,10,0.274,0.329,0.425,0.151,0.754,101,0.338,4.5,5,4,"$15,000,000 "
2B,27,Brandon Drury,,R,R,140,87,425,390,104,20,0,14,54,53,23,3,4,94,7,0.267,0.31,0.426,0.159,0.735,92,0.312,0.3,1,0,"$553,900 "
RF,4,Curtis Granderson,,L,R,106,53,282,232,58,12,1,14,46,41,46,4,3,55,4,0.25,0.379,0.491,0.241,0.871,132,0.268,1.7,0,0,"$6,700,000 "
2B,5,Josh Harrison,,R,R,140,119,531,490,134,21,7,14,65,61,25,3,10,82,16,0.273,0.319,0.431,0.157,0.75,98,0.302,1.7,11,4,"$10,000,000 "
2B,11,Jorge Polanco,,S,R,121,115,533,492,141,24,5,14,62,68,35,2,4,68,7,0.287,0.339,0.441,0.154,0.78,101,0.31,2.3,3,1,"$540,000 "
CF,11,A.J. Pollock,,R,R,69,69,302,274,79,15,2,14,40,45,23,2,1,45,6,0.288,0.342,0.511,0.223,0.853,122,0.298,2.7,5,2,"$10,600,000 "
LF,19,Jurickson Profar,,S,R,113,107,466,412,135,28,6,14,56,67,46,4,6,49,9,0.328,0.401,0.527,0.199,0.928,138,0.345,4,17,5,"$7,100,000 "
2B,38,Rob Refsnyder,,R,R,81,80,339,306,87,11,1,14,37,41,30,2,2,53,5,0.284,0.351,0.464,0.18,0.815,111,0.304,1.4,9,1,"$535,000 "
1B,16,Ryan Rua,,R,R,110,96,396,353,95,17,0,14,45,45,32,1,7,107,9,0.269,0.338,0.436,0.167,0.775,99,0.343,0.5,9,4,"$940,000 "
LF,21,Christian Yelich,,L,R,125,124,550,480,140,38,3,14,64,82,64,5,1,112,10,0.292,0.373,0.471,0.179,0.844,124,0.352,3.6,22,4,"$7,000,000 "
RF,18,Ben Zobrist,,S,R,133,114,506,432,108,29,2,14,67,70,70,1,2,64,14,0.25,0.356,0.424,0.174,0.78,107,0.265,2.1,4,2,"$16,000,000 "
CF,25,Byron Buxton,,R,R,106,102,421,382,93,17,7,13,30,66,34,2,3,116,7,0.243,0.31,0.427,0.183,0.736,89,0.315,2.1,7,2,"$535,000 "
CF,26,David Dahl,,L,R,63,63,268,245,52,9,2,13,29,31,21,1,0,62,2,0.212,0.272,0.424,0.212,0.697,73,0.227,0.7,3,2,"$537,000 "
SS,4,Wilmer Flores,,R,R,141,107,483,456,133,23,1,13,52,49,21,2,2,61,14,0.292,0.323,0.432,0.14,0.755,101,0.311,1.4,0,0,"$2,600,000 "
LF,11,Brett Gardner,,L,L,129,126,572,521,146,24,4,13,44,81,44,2,4,112,11,0.28,0.34,0.417,0.136,0.757,97,0.335,1.7,11,2,"$11,000,000 "
C,38,Chris Gimenez,,R,R,58,54,217,193,52,10,1,13,41,32,22,0,1,41,5,0.269,0.346,0.534,0.264,0.879,124,0.279,1.7,3,1,"$1,200,000 "
CF,49,Aaron Hicks,,S,R,102,99,401,368,98,17,2,13,43,51,29,0,1,96,6,0.266,0.32,0.429,0.163,0.749,94,0.326,0.9,6,2,"$1,700,000 "
C,8,Chris Iannetta,,R,R,108,87,373,320,71,11,0,13,50,36,46,4,4,101,9,0.222,0.325,0.378,0.156,0.703,86,0.279,1.6,0,0,"$1,300,000 "
2B,9,DJ LeMahieu,,R,R,146,136,617,578,171,21,3,13,60,73,34,0,1,93,15,0.296,0.334,0.41,0.114,0.744,87,0.332,2.1,15,7,"$6,600,000 "
CF,16,Leonys Martin,,L,R,126,110,437,390,107,15,1,13,46,57,35,1,4,99,3,0.274,0.338,0.418,0.144,0.756,99,0.335,1,17,7,"$535,000 "
2B,10,Eduardo Nunez,,R,R,141,134,602,561,134,27,5,13,73,65,23,3,5,103,9,0.239,0.27,0.374,0.135,0.645,71,0.266,-0.4,16,4,"$2,840,000 "
LF,6,David Peralta,,L,L,110,98,439,396,107,18,8,13,63,57,33,1,6,76,6,0.27,0.333,0.455,0.184,0.788,106,0.303,1.6,9,0,"$900,000 "
2B,11,Jose Ramirez,,S,R,130,129,600,540,150,25,2,13,66,92,48,1,5,82,8,0.278,0.341,0.404,0.126,0.744,95,0.306,2,16,7,"$2,428,600 "
SS,16,Marcus Semien,,R,R,99,87,366,339,93,20,2,13,46,38,25,0,0,85,7,0.274,0.322,0.46,0.186,0.783,103,0.329,0.9,7,1,"$1,240,000 "
C,75,Matt Wieters,,S,R,119,108,456,414,97,13,1,13,54,42,38,2,0,78,9,0.234,0.297,0.365,0.13,0.662,73,0.258,1.1,0,0,"$535,000 "
CF,6,Nick Williams,,L,L,103,90,373,339,88,21,2,13,47,47,20,4,12,109,5,0.26,0.323,0.448,0.189,0.771,102,0.344,1.3,7,0,"$535,000 "
1B,43,Justin Bour,,L,R,118,108,480,431,99,17,2,12,51,47,45,4,1,81,16,0.23,0.302,0.362,0.132,0.664,77,0.255,-1,5,3,"$950,000 "
CF,9,Lorenzo Cain,,R,R,118,115,531,483,129,28,5,12,42,72,38,7,6,93,10,0.267,0.328,0.42,0.153,0.748,95,0.309,1.9,14,4,"$5,300,000 "
C,21,Jason Castro,,L,R,109,109,418,370,87,14,3,12,49,42,39,1,4,141,3,0.235,0.311,0.386,0.151,0.697,80,0.338,1.1,2,1,"$8,000,000 "
CF,22,Jacoby Ellsbury,,L,L,104,99,443,404,126,19,3,12,47,62,28,0,1,64,7,0.312,0.356,0.463,0.151,0.819,112,0.345,1.9,10,5,"$21,142,857 "
CF,30,Clint Frazier,,R,R,68,65,282,258,55,11,0,12,34,31,21,1,1,95,6,0.213,0.273,0.395,0.182,0.668,72,0.281,-0.3,12,3,"$535,000 "
CF,6,Billy Hamilton,,S,R,159,159,750,690,188,33,11,12,74,117,53,0,0,132,5,0.272,0.322,0.404,0.132,0.727,90,0.319,5,83,14,"$3,360,000 "
C,3,Sandy Leon,,S,R,108,108,416,372,95,25,1,12,56,51,39,3,1,95,12,0.255,0.327,0.425,0.169,0.752,92,0.312,1.5,0,1,"$1,600,000 "
2B,10,Yoan Moncada,,S,R,128,124,583,521,129,28,1,12,43,71,42,1,13,136,5,0.248,0.319,0.374,0.127,0.693,81,0.313,0.7,16,7,"$535,000 "
LF,28,Steve Pearce,,R,R,60,59,238,207,46,9,0,12,37,32,21,1,6,50,9,0.222,0.308,0.44,0.217,0.748,94,0.23,0.1,1,1,"$6,250,000 "
1B,32,Clint Robinson,,L,L,85,78,322,280,86,13,2,12,40,41,38,3,3,62,4,0.307,0.394,0.496,0.189,0.891,132,0.357,1.8,2,2,"$850,000 "
C,44,Hector Sanchez,,S,R,82,29,172,157,42,4,1,12,33,22,9,1,5,40,5,0.268,0.326,0.535,0.268,0.861,125,0.283,1.3,0,0,"$4,240,000 "
3B,25,Rob Segedin,,R,R,116,63,318,285,70,15,2,12,40,43,19,3,8,80,7,0.246,0.307,0.439,0.193,0.746,97,0.294,0.2,1,2,"$535,000 "
SS,2,Andrelton Simmons,,R,R,157,157,636,582,147,40,3,12,74,61,42,1,4,68,15,0.253,0.305,0.393,0.141,0.699,83,0.267,3.3,7,3,"$11,000,000 "
2B,16,Kolten Wong,,L,R,144,131,627,546,134,13,9,12,40,83,64,1,9,87,3,0.245,0.332,0.368,0.123,0.7,87,0.271,2,15,5,"$4,000,000 "
C,47,Jett Bandy,,R,R,82,72,291,262,64,9,0,11,31,35,19,5,8,60,10,0.244,0.313,0.405,0.16,0.717,88,0.275,1.2,0,0,"$539,800 "
3B,29,Adrian Beltre,,R,R,68,60,263,241,80,18,0,11,39,35,17,2,2,29,4,0.332,0.376,0.544,0.212,0.92,134,0.338,1.8,2,0,"$18,000,000 "
RF,50,Mookie Betts,,R,R,145,143,656,595,173,38,9,11,67,91,54,6,0,93,8,0.291,0.348,0.44,0.15,0.788,102,0.327,2.6,10,2,"$1,700,000 "
RF,70,Shin-Soo Choo,,L,L,99,80,366,309,87,25,0,11,46,49,39,6,12,82,6,0.282,0.381,0.469,0.188,0.85,119,0.349,1,5,2,"$20,000,000 "
3B,36,Yandy Diaz,,R,R,130,125,527,443,106,16,5,11,50,70,76,6,2,95,8,0.239,0.352,0.372,0.133,0.724,91,0.28,1.6,3,1,"$535,000 "
C,13,Dustin Garneau,,R,R,86,78,317,287,75,20,1,11,35,38,25,2,3,56,9,0.261,0.325,0.453,0.192,0.778,94,0.288,2,0,0,"$537,000 "
1B,23,Adrian Gonzalez,,L,L,96,68,302,266,64,20,0,11,42,33,33,7,1,56,7,0.241,0.325,0.44,0.199,0.764,103,0.264,0.3,0,0,"$21,500,000 "
C,34,James McCann,,R,R,117,117,461,426,112,22,2,11,53,43,28,2,3,105,11,0.263,0.31,0.401,0.138,0.712,84,0.322,1.6,1,0,"$950,000 "
2B,15,Whit Merrifield,,R,R,85,81,370,335,94,20,2,11,47,46,20,0,1,48,5,0.281,0.317,0.451,0.17,0.768,98,0.293,1,15,3,"$543,750 "
C,40,Devin Mesoraco,,R,R,86,57,249,225,51,14,0,11,26,26,19,0,5,64,7,0.227,0.301,0.436,0.209,0.737,91,0.267,1.3,2,1,"$13,000,000 "
CF,11,Kevin Pillar,,R,R,136,136,574,546,149,35,0,11,52,61,19,0,4,101,8,0.273,0.301,0.397,0.125,0.698,82,0.316,2.9,11,4,"$940,000 "
C,40,Wilson Ramos,,R,R,51,51,214,192,43,9,0,11,27,30,19,2,2,42,4,0.224,0.299,0.443,0.219,0.742,93,0.229,0.7,0,0,"$8,500,000 "
1B,12,Mark Reynolds,,R,R,72,21,137,118,30,6,0,11,21,19,16,1,2,40,2,0.254,0.35,0.585,0.331,0.935,130,0.279,0.6,1,0,"$535,000 "
RF,20,Steven Souza Jr.,,R,R,73,73,313,279,70,14,0,11,34,39,28,0,5,77,5,0.251,0.33,0.419,0.168,0.749,97,0.309,0.3,4,3,"$900,000 "
CF,35,Abraham Almonte,,S,R,67,63,274,236,60,14,4,10,42,46,33,2,2,55,4,0.254,0.348,0.475,0.22,0.823,113,0.289,1.4,2,1,"$1,060,000 "
3B,7,Matt Chapman,,R,R,49,47,201,182,40,5,2,10,31,28,15,1,2,55,2,0.22,0.284,0.434,0.214,0.718,85,0.252,0.5,0,1,"$535,000 "
C,61,Robinson Chirinos,,R,R,37,33,140,127,29,4,0,10,21,21,9,0,3,38,1,0.228,0.293,0.496,0.268,0.789,98,0.237,0.9,0,0,"$2,250,000 "
1B,28,C.J. Cron,,R,R,87,77,333,311,75,11,1,10,34,37,13,2,4,65,5,0.241,0.278,0.379,0.138,0.657,72,0.272,-0.5,0,0,"$940,000 "
2B,3,Jedd Gyorko,,R,R,71,53,243,221,52,5,0,10,24,30,19,1,1,49,5,0.235,0.298,0.394,0.158,0.691,82,0.258,-0.3,1,1,"$6,500,000 "
RF,11,Austin Hays,,R,R,83,73,321,297,82,9,2,10,27,44,20,0,3,54,6,0.276,0.327,0.421,0.145,0.748,92,0.308,0.7,9,3,"$535,000 "
CF,37,Odubel Herrera,,L,R,103,98,422,406,106,23,4,10,42,47,7,0,5,100,6,0.261,0.28,0.411,0.15,0.692,80,0.321,1.4,17,1,"$3,000,000 "
CF,15,Mikie Mahtook,,R,R,78,77,350,303,86,21,1,10,42,48,39,1,5,67,7,0.284,0.371,0.459,0.175,0.83,115,0.332,2.4,3,2,"$541,300 "
1B,7,Joe Mauer,,L,R,127,117,509,453,115,22,0,10,42,73,53,4,0,96,10,0.254,0.331,0.369,0.115,0.699,82,0.301,-0.3,1,1,"$23,000,000 "
2B,15,Dustin Pedroia,,R,R,120,119,522,464,146,33,3,10,61,71,51,0,0,58,12,0.315,0.382,0.463,0.149,0.845,118,0.343,3.6,1,0,"$16,000,000 "
SS,14,Hernan Perez,,R,R,142,132,571,542,152,28,4,10,51,60,20,3,2,108,14,0.28,0.306,0.402,0.122,0.708,85,0.331,1.2,24,2,"$960,000 "
3B,6,Trevor Plouffe,,R,R,80,61,247,226,49,7,0,10,24,20,20,3,0,55,6,0.217,0.28,0.381,0.164,0.661,72,0.242,-0.4,1,1,"$535,000 "
C,11,J.T. Realmuto,,R,R,127,124,515,472,118,21,8,10,66,57,31,3,6,83,16,0.25,0.301,0.392,0.142,0.693,84,0.281,1.8,7,2,"$1,300,000 "
C,29,Cameron Rupp,,R,R,77,71,276,260,59,13,1,10,32,25,14,3,1,79,8,0.227,0.268,0.4,0.173,0.668,74,0.285,0.6,0,0,"$950,000 "
3B,24,Tyler Saladino,,R,R,78,65,280,256,74,13,2,10,38,35,18,2,3,45,4,0.289,0.343,0.473,0.184,0.816,110,0.318,1.6,8,2,"$547,000 "
LF,5,Michael Saunders,,L,R,130,79,372,314,62,10,0,10,30,28,52,3,1,98,6,0.197,0.31,0.325,0.127,0.635,69,0.248,-0.7,3,3,"$4,400,000 "
3B,25,Nick Senzel,,R,R,102,90,368,329,86,14,2,10,39,46,31,1,1,89,7,0.261,0.322,0.407,0.146,0.729,91,0.322,1.4,8,6,"$535,000 "
CF,2,Denard Span,,L,L,130,105,503,445,116,23,6,10,52,72,48,3,0,55,5,0.261,0.33,0.407,0.146,0.737,97,0.276,0.6,11,6,"$9,000,000 "
3B,5,David Wright,,R,R,34,34,146,124,35,8,0,10,32,23,18,0,2,39,4,0.282,0.377,0.589,0.306,0.965,154,0.325,1.4,0,0,"$20,000,000 "
LF,17,Mitch Haniger,,R,R,106,105,433,395,85,22,3,9,40,44,34,1,3,118,4,0.215,0.282,0.354,0.139,0.636,67,0.283,-0.1,6,2,"$538,000 "
SS,15,Jae-gyun Hwang,,R,R,133,109,469,423,118,18,1,9,41,58,36,1,3,71,9,0.279,0.335,0.39,0.111,0.726,95,0.312,1.5,11,7,"$535,000 "
CF,16,Travis Jankowski,,L,R,99,73,349,307,80,16,4,9,30,48,34,3,1,78,4,0.261,0.334,0.427,0.166,0.761,103,0.32,1.5,13,10,"$544,300 "
C,23,Tom Murphy,,R,R,43,38,156,143,38,7,2,9,24,21,11,1,2,46,2,0.266,0.327,0.531,0.266,0.858,112,0.33,1.1,2,0,"$537,000 "
C,10,Manny Pina,,R,R,91,78,321,295,76,19,0,9,49,31,24,3,0,57,8,0.258,0.312,0.414,0.156,0.725,90,0.29,0.9,0,0,"$538,200 "
SS,10,Yolmer Sanchez,,S,R,87,78,323,278,69,11,2,9,31,33,35,1,5,42,3,0.248,0.342,0.399,0.151,0.741,93,0.263,0.9,1,0,"$546,000 "
CF,15,Cory Spangenberg,,L,R,86,74,315,283,80,18,3,9,40,37,24,2,0,81,2,0.283,0.334,0.463,0.18,0.797,111,0.36,1,1,1,"$890,000 "
3B,36,Danny Valencia,,R,R,95,88,367,339,80,23,1,9,38,39,21,2,1,93,12,0.236,0.28,0.389,0.153,0.67,75,0.296,-1.2,1,1,"$535,000 "
1B,52,Matt Adams,,L,R,93,65,291,265,61,16,1,8,30,27,20,2,4,64,8,0.23,0.292,0.389,0.158,0.681,79,0.272,-0.3,0,1,"$535,000 "
1B,35,Jesus Aguilar,,R,R,53,36,177,163,35,6,0,8,16,17,11,0,3,42,6,0.215,0.277,0.399,0.184,0.676,76,0.239,-0.3,0,1,"$536,000 "
RF,17,Nori Aoki,,L,R,124,115,500,456,150,37,4,8,49,68,28,1,9,36,6,0.329,0.377,0.48,0.151,0.857,123,0.342,3.1,10,3,"$7,300,000 "
CF,3,Ezequiel Carrera,,L,L,79,63,322,286,78,11,3,8,28,49,30,0,4,59,2,0.273,0.349,0.416,0.143,0.765,101,0.318,1.6,7,3,"$1,380,000 "
CF,18,Tyler Collins,,L,L,56,48,197,180,47,9,2,8,19,23,17,1,0,46,2,0.261,0.325,0.467,0.206,0.792,103,0.31,0.6,2,1,"$544,700 "
RF,30,Kelly Dugan,,L,R,52,25,118,106,26,6,0,8,22,17,7,1,5,26,2,0.245,0.322,0.528,0.283,0.85,120,0.25,0.4,0,2,"$535,000 "
3B,23,David Freese,,R,R,80,72,313,275,59,11,0,8,22,29,27,3,9,83,11,0.215,0.304,0.342,0.127,0.646,72,0.276,-0.3,0,1,"$4,250,000 "
2B,15,Lourdes Gurriel Jr.,,R,R,90,79,352,319,91,7,2,8,34,46,17,0,9,62,3,0.285,0.335,0.395,0.11,0.73,92,0.328,0.4,4,3,"$1,000,000 "
C,28,Oscar Hernandez,,R,R,69,53,226,205,46,10,1,8,29,21,18,2,1,72,5,0.224,0.288,0.4,0.176,0.688,80,0.299,0.6,1,0,"$535,000 "
RF,55,Stephen Piscotty,,R,R,95,91,386,354,98,23,0,8,41,32,18,1,10,75,9,0.277,0.326,0.41,0.133,0.736,95,0.327,1.3,5,3,"$1,000,000 "
SS,68,Drew Robinson,,L,R,78,75,292,262,63,14,2,8,31,29,26,0,1,92,0,0.24,0.31,0.401,0.16,0.711,83,0.337,-0.4,6,3,"$535,000 "
SS,7,Dansby Swanson,,R,R,141,127,539,489,126,28,8,8,61,63,42,2,4,139,3,0.258,0.319,0.397,0.139,0.716,90,0.341,2.1,8,5,"$540,000 "
1B,22,Rowdy Tellez,,L,L,39,25,117,101,27,3,0,8,20,14,12,0,2,25,2,0.267,0.35,0.535,0.267,0.885,128,0.271,0.5,0,0,"$535,000 "
RF,28,Tyler Austin,,R,R,33,32,135,122,34,7,0,7,21,19,11,0,1,41,3,0.279,0.341,0.508,0.23,0.849,118,0.36,0.5,1,0,"$544,000 "
SS,9,Javier Baez,,R,R,137,67,331,294,63,13,1,7,32,39,25,3,10,100,6,0.214,0.296,0.337,0.122,0.633,68,0.296,-0.2,6,3,"$609,000 "
LF,38,Robbie Grossman,,S,L,86,73,314,278,59,10,0,7,32,32,29,0,4,69,4,0.212,0.293,0.324,0.112,0.617,61,0.254,-0.9,2,1,"$860,000 "
RF,28,Franklin Gutierrez,,R,R,59,52,212,189,47,10,1,7,33,22,17,0,3,50,3,0.249,0.318,0.423,0.175,0.741,97,0.299,0.4,2,2,"$2,760,000 "
C,31,Johnny Monell,,L,R,48,41,173,158,41,7,0,7,25,19,12,0,1,44,2,0.259,0.314,0.437,0.177,0.751,93,0.315,0.8,0,0,"$535,000 "
RF,8,Gerardo Parra,,L,L,116,58,275,260,76,17,1,7,34,27,14,2,1,47,5,0.292,0.331,0.446,0.154,0.777,94,0.335,0.8,4,2,"$10,000,000 "
RF,72,Jordan Patterson,,L,L,74,50,211,192,40,5,0,7,20,23,13,2,3,66,1,0.208,0.267,0.344,0.135,0.61,53,0.273,-0.9,0,2,"$535,000 "
LF,40,Tommy Pham,,R,R,98,78,351,304,70,11,1,7,42,29,37,3,1,93,5,0.23,0.309,0.342,0.112,0.651,74,0.297,-0.5,3,1,"$535,000 "
3B,9,Jose Reyes,,S,R,91,68,314,281,75,9,0,7,28,32,29,3,0,36,8,0.267,0.331,0.374,0.107,0.705,90,0.281,0,12,11,Free agent
3B,48,Pablo Sandoval,,S,R,88,85,346,310,80,14,3,7,50,34,27,2,4,44,15,0.258,0.321,0.39,0.132,0.711,83,0.277,-0.4,0,0,"$18,000,000 "
CF,9,Jake Smolinski,,R,R,46,46,199,181,55,19,1,7,21,25,18,2,0,41,1,0.304,0.367,0.536,0.232,0.903,134,0.361,1.3,1,0,"$850,000 "
CF,7,Melvin Upton Jr.,,R,R,89,40,195,178,44,5,0,7,26,19,14,0,1,58,3,0.247,0.304,0.393,0.146,0.697,84,0.325,0.7,4,0,"$930,000 "
C,21,Stephen Vogt,,L,R,83,70,291,247,47,11,1,7,34,30,39,3,3,56,7,0.19,0.306,0.328,0.138,0.634,68,0.215,0.2,5,1,"$3,960,000 "
LF,37,Jayson Werth,,R,R,79,33,184,158,37,10,1,7,21,19,23,1,0,45,4,0.234,0.328,0.443,0.209,0.771,100,0.278,0.5,0,0,"$1,020,000 "
RF,33,Jesse Winker,,L,L,88,70,304,268,69,12,0,7,34,41,33,1,1,53,8,0.257,0.339,0.381,0.123,0.719,90,0.295,0.5,1,1,"$535,000 "
CF,13,Albert Almora,,R,R,45,45,187,173,51,15,1,6,25,28,13,3,1,26,3,0.295,0.348,0.497,0.202,0.845,121,0.319,1.5,1,1,"$552,000 "
RF,7,John Andreoli,,R,R,64,51,226,194,56,7,2,6,24,32,29,0,1,54,3,0.289,0.381,0.438,0.149,0.819,117,0.368,1.1,11,4,"$535,000 "
SS,3,Orlando Arcia,,R,R,32,23,114,105,30,8,1,6,18,17,7,0,1,18,1,0.286,0.336,0.552,0.267,0.889,129,0.296,0.7,9,3,"$538,100 "
C,16,Tucker Barnhart,,S,R,99,89,370,331,93,16,1,6,44,42,35,5,2,53,9,0.281,0.351,0.39,0.109,0.741,96,0.318,2,0,0,"$910,000 "
SS,13,Asdrubal Cabrera,,S,R,80,63,288,266,65,18,0,6,21,25,18,1,2,43,4,0.244,0.295,0.38,0.135,0.675,80,0.269,-0.1,0,0,"$8,500,000 "
C,29,Francisco Cervelli,,R,R,101,82,390,338,90,26,2,6,43,37,47,2,5,75,10,0.266,0.364,0.408,0.142,0.772,106,0.327,2.8,1,0,"$10,500,000 "
SS,24,Christian Colon,,R,R,111,104,402,366,105,12,1,6,33,44,30,0,2,65,12,0.287,0.343,0.374,0.087,0.717,89,0.333,0.8,2,0,"$910,000 "
SS,23,Paul DeJong,,R,R,73,53,224,205,49,8,0,6,24,23,13,2,4,76,2,0.239,0.295,0.366,0.127,0.66,75,0.344,-0.3,3,1,"$535,000 "
2B,66,Scooter Gennett,,L,R,103,18,160,146,37,5,1,6,18,11,12,3,1,29,4,0.253,0.312,0.425,0.171,0.737,92,0.277,0,0,0,"$535,000 "
1B,7,Yan Gomes,,R,R,50,49,199,186,53,11,0,6,22,26,8,1,1,55,4,0.285,0.312,0.441,0.156,0.752,94,0.364,0.7,0,0,"$5,950,000 "
SS,18,Didi Gregorius,,L,R,79,78,332,306,72,11,1,6,33,30,17,1,5,72,7,0.235,0.283,0.337,0.101,0.62,62,0.284,0.1,3,2,"$1,380,000 "
RF,15,Guillermo Heredia,,R,L,80,80,322,284,82,22,1,6,26,41,29,4,7,45,3,0.289,0.368,0.437,0.148,0.804,113,0.325,1.4,8,4,"$782,000 "
C,41,Andrew Knapp,,S,R,66,57,222,198,49,13,1,6,19,28,20,1,4,44,2,0.247,0.329,0.414,0.167,0.743,96,0.291,1.1,0,0,"$535,000 "
2B,68,Brett Lawrie,,R,R,114,75,352,322,86,18,1,6,46,34,24,4,2,88,10,0.267,0.319,0.385,0.118,0.704,86,0.346,1.1,3,0,"$535,000 "
C,4,Yadier Molina,,R,R,106,103,413,386,114,22,0,6,33,37,20,2,4,58,15,0.295,0.335,0.399,0.104,0.734,95,0.333,2.5,0,0,"$20,000,000 "
LF,28,David Murphy,,L,L,67,37,182,167,45,8,0,6,20,18,12,6,1,29,2,0.269,0.32,0.425,0.156,0.746,99,0.293,0.3,0,1,"$870,000 "
C,33,Anthony Recker,,R,R,58,50,203,180,40,7,1,6,20,18,18,0,3,64,2,0.222,0.302,0.372,0.15,0.674,79,0.306,0.7,0,0,"$970,000 "
C,15,Andrew Susac,,R,R,58,46,202,176,49,15,1,6,39,24,20,3,3,54,2,0.278,0.356,0.477,0.199,0.834,118,0.361,1.6,0,0,"$537,400 "
CF,25,Matt Szczur,,R,R,62,43,189,178,40,4,2,6,20,17,9,0,1,37,6,0.225,0.265,0.371,0.146,0.635,66,0.25,-0.3,2,2,"$549,500 "
LF,68,Raimel Tapia,,L,L,81,78,345,336,87,19,4,6,29,48,8,1,1,47,2,0.259,0.278,0.393,0.134,0.671,67,0.286,0.3,10,0,"$535,000 "
3B,1,Tim Beckham,,R,R,106,87,330,307,78,21,3,5,30,29,13,0,3,121,5,0.254,0.289,0.391,0.137,0.68,78,0.399,-0.4,2,3,"$1,140,000 "
1B,46,Dan Black,,S,R,89,15,144,130,36,7,2,5,23,15,14,1,0,25,4,0.277,0.347,0.477,0.2,0.824,106,0.31,0.6,0,0,"$790,000 "
3B,8,Jeimer Candelario,,S,R,82,17,145,131,30,7,1,5,22,19,11,2,2,27,5,0.229,0.297,0.412,0.183,0.709,86,0.25,0.4,0,0,"$535,000 "
3B,13,Matt Carpenter,,L,R,47,43,200,168,46,13,1,5,14,35,28,4,1,28,10,0.274,0.381,0.452,0.179,0.833,121,0.304,1.4,1,0,"$13,500,000 "
LF,10,Coco Crisp,,S,R,54,31,152,131,26,8,2,5,22,17,20,2,0,35,2,0.198,0.303,0.405,0.206,0.707,88,0.228,0.2,1,0,"$1,160,000 "
3B,24,Matt Davidson,,R,R,49,25,125,107,23,5,0,5,20,14,13,1,3,32,4,0.215,0.312,0.402,0.187,0.714,85,0.25,0.1,0,0,"$536,500 "
3B,22,Conor Gillaspie,,L,R,81,35,206,189,51,12,3,5,32,22,13,0,0,28,5,0.27,0.312,0.444,0.175,0.757,101,0.289,0.2,0,1,"$1,800,000 "
1B,30,Chad Huffman,,R,R,46,23,114,102,26,6,0,5,14,15,8,0,2,26,3,0.255,0.316,0.461,0.206,0.777,103,0.288,0.4,0,0,"$535,000 "
SS,74,Domingo Leyba,,S,R,30,20,91,84,29,8,1,5,16,13,6,1,0,14,1,0.345,0.389,0.643,0.298,1.032,167,0.369,1.2,5,0,"$535,000 "
RF,22,Nick Markakis,,L,L,126,72,372,328,94,24,1,5,48,38,39,5,2,44,10,0.287,0.364,0.412,0.125,0.775,107,0.317,0.9,1,1,"$10,500,000 "
CF,9,Cameron Maybin,,R,R,115,114,531,464,108,17,6,5,42,76,56,2,6,97,5,0.233,0.322,0.328,0.095,0.65,73,0.283,0.1,23,3,"$1,640,000 "
SS,11,Jordy Mercer,,R,R,138,118,498,443,129,26,2,5,61,55,42,3,4,83,9,0.291,0.354,0.393,0.102,0.746,99,0.343,2.5,3,1,"$740,000 "
2B,9,Jose Peraza,,R,R,125,120,538,512,143,23,7,5,72,64,14,1,2,52,7,0.279,0.297,0.381,0.102,0.678,77,0.298,0.3,27,13,"$540,000 "
3B,22,Jose Pirela,,R,R,79,58,242,223,57,12,1,5,25,27,14,1,2,40,6,0.256,0.303,0.386,0.13,0.689,83,0.289,0.1,2,1,"$535,000 "
SS,78,J.T. Riddle,,L,R,56,53,219,200,53,10,1,5,33,21,19,3,0,34,5,0.265,0.329,0.4,0.135,0.729,94,0.298,1.1,2,1,"$535,000 "
1B,18,Matt Tuiasosopo,,R,R,36,28,118,104,19,3,0,5,8,13,14,1,0,46,4,0.183,0.28,0.356,0.173,0.635,68,0.264,-0.3,1,1,"$850,000 "
2B,13,Nick Ahmed,,R,R,15,15,54,50,17,3,0,4,7,7,3,1,0,6,1,0.34,0.377,0.64,0.3,1.017,162,0.325,0.5,0,0,"$566,000 "
SS,1,Ozzie Albies,,S,R,143,134,652,587,166,25,8,4,49,88,53,0,5,71,6,0.283,0.347,0.373,0.09,0.72,92,0.316,2.7,32,11,"$535,000 "
SS,1,Elvis Andrus,,R,R,114,100,476,441,109,35,4,4,34,64,32,1,1,80,12,0.247,0.299,0.372,0.125,0.671,73,0.293,0.1,25,9,"$15,000,000 "
C,15,Austin Barnes,,R,R,73,60,259,233,56,8,3,4,19,27,22,0,3,56,6,0.24,0.313,0.352,0.112,0.665,78,0.299,0.3,3,0,"$540,000 "
CF,6,Jaycob Brugman,,L,L,26,26,118,105,23,5,0,4,11,14,12,0,0,24,4,0.219,0.297,0.381,0.162,0.678,77,0.244,0.2,1,2,"$535,000 "
CF,30,Mark Canha,,R,R,38,26,116,108,28,1,0,4,15,12,4,0,4,30,5,0.259,0.31,0.38,0.12,0.69,81,0.324,-0.1,0,0,"$545,000 "
CF,24,Collin Cowgill,,R,L,42,18,96,85,27,5,1,4,17,17,9,0,1,19,1,0.318,0.385,0.541,0.224,0.927,145,0.365,0.9,0,1,"$850,000 "
1B,61,Cheslor Cuthbert,,R,R,73,66,276,253,57,15,2,4,24,25,19,2,0,52,15,0.225,0.277,0.348,0.123,0.625,63,0.266,-1.1,0,0,"$800,000 "
CF,1,Jarrod Dyson,,L,R,88,84,374,347,80,16,6,4,25,56,20,0,4,63,5,0.231,0.28,0.346,0.115,0.626,65,0.271,0.7,33,6,"$3,560,000 "
CF,16,Ben Gamel,,L,L,33,33,133,118,25,3,1,4,11,14,14,3,1,25,1,0.212,0.301,0.356,0.144,0.657,74,0.236,0.2,4,2,"$535,000 "
3B,29,Adonis Garcia,,R,R,40,32,144,138,34,7,1,4,21,13,6,1,0,28,5,0.246,0.278,0.399,0.152,0.676,77,0.283,-0.7,3,1,"$547,500 "
SS,1,Jose Iglesias,,R,R,129,128,488,449,130,25,2,4,32,52,26,2,10,56,11,0.29,0.341,0.381,0.091,0.722,89,0.322,2.3,1,1,"$5,400,000 "
C,71,Carson Kelly,,R,R,24,23,87,81,22,9,0,4,12,8,4,0,2,15,3,0.272,0.322,0.531,0.259,0.853,122,0.29,0.8,0,0,"$535,000 "
2B,48,Howie Kendrick,,R,R,101,95,402,368,89,15,4,4,33,44,25,1,1,63,14,0.242,0.29,0.337,0.095,0.627,66,0.28,-0.5,2,1,"$910,000 "
RF,59,Jose Al. Martinez,,R,R,50,29,142,124,31,5,0,4,15,17,15,2,1,23,2,0.25,0.333,0.387,0.137,0.72,92,0.276,0.3,1,0,"$535,000 "
RF,12,Matt McBride,,R,R,16,13,54,50,9,1,0,4,6,7,3,1,1,6,4,0.18,0.241,0.44,0.26,0.681,73,0.125,0,0,0,"$535,000 "
LF,23,Dalton Pompey,,S,R,27,24,115,108,31,5,3,4,10,20,6,1,1,30,2,0.287,0.33,0.5,0.213,0.83,114,0.365,0.6,2,3,"$539,000 "
LF,22,Cesar Puello,,R,R,64,45,187,161,50,7,1,4,16,18,10,1,14,56,2,0.311,0.398,0.441,0.13,0.839,118,0.451,1.1,9,0,"$535,000 "
C,23,Blake Swihart,,S,R,50,42,186,166,37,6,2,4,16,28,18,0,1,49,5,0.223,0.301,0.355,0.133,0.656,69,0.289,-0.1,0,1,"$535,000 "
RF,24,Yasmany Tomas,,R,R,82,24,149,132,33,11,1,4,22,18,15,0,1,48,7,0.25,0.329,0.439,0.189,0.768,101,0.358,0.1,0,0,"$10,000,000 "
2B,13,Travis Demeritte,,R,R,17,11,55,50,7,1,0,3,4,6,3,0,2,18,0,0.14,0.218,0.34,0.2,0.558,46,0.138,-0.1,1,0,"$535,000 "
SS,5,Matt Duffy,,R,R,58,58,261,225,54,9,4,3,18,35,28,2,2,43,3,0.24,0.328,0.356,0.116,0.684,82,0.283,0.2,4,0,"$870,000 "
RF,50,Brett Eibner,,R,R,24,15,73,69,20,4,1,3,9,9,4,0,0,17,1,0.29,0.329,0.507,0.217,0.836,120,0.347,0.6,2,0,"$535,000 "
2B,9,Dee Gordon,,L,R,151,142,660,624,172,32,11,3,49,91,25,0,1,100,4,0.276,0.304,0.377,0.101,0.68,81,0.323,2.3,73,12,"$10,500,000 "
SS,39,Alen Hanson,,S,R,72,35,182,164,41,6,4,3,23,20,9,1,2,28,3,0.25,0.289,0.39,0.14,0.679,79,0.275,-0.1,3,1,"$541,500 "
2B,16,Cesar Hernandez,,S,R,138,131,595,533,160,26,11,3,34,77,58,4,2,101,4,0.3,0.371,0.407,0.107,0.778,107,0.366,3.8,28,8,"$3,320,000 "
LF,11,Ender Inciarte,,L,L,111,110,486,441,137,30,0,3,35,58,39,1,3,61,11,0.311,0.37,0.399,0.088,0.769,106,0.354,3.6,27,7,"$4,000,000 "
LF,27,Matt Kemp,,R,R,33,16,86,81,20,2,0,3,11,4,3,0,0,29,2,0.247,0.267,0.383,0.136,0.65,71,0.333,-0.3,1,0,"$18,000,000 "
CF,7,Manny Margot,,R,R,104,102,473,440,113,23,8,3,34,68,28,3,3,65,5,0.257,0.304,0.366,0.109,0.67,79,0.294,1.6,23,6,"$535,600 "
CF,9,Brandon Nimmo,,L,R,25,21,107,94,34,5,0,3,10,15,12,2,1,16,1,0.362,0.439,0.511,0.149,0.95,155,0.413,1.1,0,0,"$536,240 "
LF,18,Dustin Peterson,,R,R,51,25,135,121,36,6,0,3,14,16,10,0,2,30,3,0.298,0.356,0.421,0.124,0.777,106,0.367,0.4,2,0,"$535,000 "
SS,25,Sean Rodriguez,,R,R,15,10,48,41,7,2,0,3,5,7,5,1,1,18,1,0.171,0.271,0.439,0.268,0.71,85,0.19,-0.1,0,0,"$5,000,000 "
3B,22,Miguel Rojas,,R,R,52,24,113,107,28,8,2,3,12,11,5,3,1,11,5,0.262,0.301,0.458,0.196,0.759,99,0.269,0.1,2,2,"$850,000 "
C,24,Chance Sisco,,L,R,32,29,121,104,28,5,0,3,15,12,16,1,0,23,3,0.269,0.364,0.404,0.135,0.767,99,0.316,0.5,1,1,"$535,000 "
1B,51,Brock Stassi,,L,L,23,5,38,31,11,4,0,3,8,9,7,0,0,8,0,0.355,0.474,0.774,0.419,1.248,223,0.4,0.7,0,0,"$535,000 "
C,6,Garrett Stubbs,,L,R,38,31,132,123,24,2,0,3,14,11,7,0,2,26,1,0.195,0.25,0.285,0.089,0.535,40,0.223,-0.4,0,1,"$535,000 "
CF,22,Charlie Tilson,,L,L,51,50,226,209,51,8,4,3,11,31,11,2,4,40,4,0.244,0.292,0.364,0.12,0.656,70,0.286,0.1,3,3,"$536,000 "
RF,51,Mac Williamson,,R,R,33,22,100,91,20,4,1,3,6,16,5,1,4,32,4,0.22,0.29,0.385,0.165,0.675,80,0.304,0,3,0,"$539,000 "
CF,63,Chris B. Young,,R,R,54,48,200,177,42,11,0,3,19,21,17,0,2,48,3,0.237,0.307,0.35,0.113,0.657,70,0.302,-0.3,2,0,"$970,000 "
SS,1,Franklin Barreto,,R,R,30,30,144,131,39,4,2,2,10,15,10,0,1,24,1,0.298,0.352,0.405,0.107,0.757,99,0.352,0.3,4,4,"$535,000 "
RF,38,Rusney Castillo,,R,R,15,9,44,40,10,2,0,2,3,6,4,0,0,9,0,0.25,0.318,0.45,0.2,0.768,95,0.276,-0.1,1,0,"$11,000,000 "
RF,67,Lonnie Chisenhall,,L,R,29,28,121,108,26,9,0,2,13,12,9,2,0,21,3,0.241,0.297,0.38,0.139,0.676,76,0.279,-0.6,0,1,"$535,000 "
3B,20,Rafael Devers,,L,R,28,27,125,112,25,4,1,2,6,16,11,1,2,20,1,0.223,0.304,0.33,0.107,0.634,65,0.256,-0.2,1,1,"$535,000 "
RF,16,Andre Ethier,,L,L,34,18,85,73,19,3,0,2,6,12,9,1,3,20,2,0.26,0.365,0.384,0.123,0.748,102,0.333,0.3,3,1,-
CF,5,Ian Happ,,S,R,27,23,104,89,19,4,0,2,8,11,13,1,1,26,2,0.213,0.317,0.326,0.112,0.643,72,0.274,0.2,4,0,"$535,000 "
SS,51,Marco Hernandez,,L,R,41,32,140,133,32,6,1,2,13,20,5,0,0,41,4,0.241,0.268,0.346,0.105,0.614,57,0.333,-0.4,1,1,"$700,000 "
2B,22,Dilson Herrera,,R,R,64,29,150,136,38,11,2,2,9,13,12,0,2,29,3,0.279,0.347,0.434,0.154,0.78,104,0.343,0.7,5,1,"$535,000 "
1B,9,Patrick Kivlehan,,R,R,20,6,25,24,4,0,0,2,5,4,1,0,0,7,1,0.167,0.2,0.417,0.25,0.617,56,0.133,-0.2,0,0,"$535,000 "
2B,2,Tommy La Stella,,L,R,110,89,407,363,102,25,5,2,29,52,32,1,4,54,3,0.281,0.344,0.394,0.113,0.738,96,0.324,1.1,2,2,"$950,000 "
1B,73,Adam Lind,,L,L,32,19,86,74,17,6,2,2,13,7,11,2,0,17,1,0.23,0.326,0.446,0.216,0.772,100,0.268,-0.2,0,0,"$770,000 "
SS,4,Ketel Marte,,S,R,77,44,216,194,52,12,2,2,16,20,20,3,1,24,4,0.268,0.338,0.381,0.113,0.719,91,0.296,0.3,1,2,"$535,000 "
LF,23,John Norwood,,R,R,21,4,34,30,10,1,0,2,7,3,4,3,0,8,1,0.333,0.412,0.567,0.233,0.978,158,0.4,0.2,1,0,"$535,000 "
LF,16,Paulo Orlando,,R,R,83,77,321,306,77,20,2,2,25,33,10,0,2,52,12,0.252,0.279,0.35,0.098,0.629,64,0.296,-0.4,3,3,"$910,000 "
LF,13,Rafael Ortega,,L,R,70,70,293,270,90,20,5,2,35,32,21,3,1,33,1,0.333,0.382,0.467,0.133,0.849,127,0.373,2.1,7,1,"$535,000 "
C,58,Carlos E. Perez,,R,R,103,75,290,264,65,21,2,2,16,29,19,0,4,65,3,0.246,0.307,0.364,0.117,0.67,77,0.32,0.6,1,0,"$950,000 "
3B,14,Martin Prado,,R,R,64,38,178,165,51,16,0,2,18,18,7,0,3,19,8,0.309,0.347,0.442,0.133,0.789,109,0.338,1,3,0,"$13,500,000 "
LF,16,Victor Robles,,R,R,35,33,137,123,38,12,1,2,16,15,7,2,7,35,3,0.309,0.38,0.472,0.163,0.851,122,0.419,1.1,2,1,"$535,000 "
C,27,Austin Romine,,R,R,38,35,132,120,31,7,1,2,8,12,10,0,0,26,2,0.258,0.315,0.383,0.125,0.699,82,0.315,0.3,0,0,"$960,000 "
SS,20,Edward Salcedo,,R,R,62,22,105,99,29,4,2,2,9,12,6,0,0,30,3,0.293,0.333,0.434,0.141,0.768,98,0.403,0.5,0,2,"$535,000 "
LF,54,Anthony Santander,,S,R,18,15,70,62,11,2,0,2,4,5,6,2,1,25,2,0.177,0.257,0.306,0.129,0.564,46,0.25,-0.5,3,0,"$535,000 "
CF,0,Mallex Smith,,L,R,14,11,47,44,11,3,2,2,9,7,2,0,0,11,0,0.25,0.283,0.545,0.295,0.828,111,0.29,-0.2,4,2,"$539,800 "
RF,12,Jorge Soler,,R,R,20,19,72,61,13,3,0,2,8,8,9,0,0,25,1,0.213,0.306,0.361,0.148,0.666,74,0.306,0,0,1,"$4,000,000 "
RF,21,Trayce Thompson,,R,R,18,13,60,55,11,2,1,2,8,8,5,0,0,16,2,0.2,0.267,0.382,0.182,0.648,71,0.243,0,3,0,"$535,000 "
C,14,Tony Wolters,,L,R,42,38,152,137,32,8,2,2,13,15,12,0,0,34,4,0.234,0.291,0.365,0.131,0.656,65,0.291,0.5,2,0,"$540,000 "
SS,20,Cristhian Adames,,S,R,26,15,60,55,11,3,0,1,4,6,4,1,1,5,2,0.2,0.267,0.309,0.109,0.576,46,0.204,-0.2,0,0,"$540,000 "
SS,23,Christian Arroyo,,R,R,21,14,62,50,11,2,0,1,3,4,11,2,1,15,2,0.22,0.371,0.32,0.1,0.691,89,0.294,0.1,0,0,"$535,000 "
LF,14,Billy Burns,,S,R,32,26,120,112,29,7,1,1,8,15,6,0,0,15,1,0.259,0.294,0.366,0.107,0.66,72,0.289,-0.1,5,1,"$535,000 "
LF,18,Stephen Cardullo,,R,R,53,21,123,113,28,8,0,1,8,15,6,0,2,23,4,0.248,0.298,0.345,0.097,0.643,63,0.303,-0.3,1,0,"$535,000 "
C,23,Curt Casali,,R,R,25,24,87,76,13,2,0,1,4,7,7,0,2,26,2,0.171,0.253,0.237,0.066,0.49,32,0.235,-0.3,1,1,"$535,000 "
C,37,Juan Centeno,,L,R,30,25,93,89,19,3,0,1,7,5,3,0,1,21,3,0.213,0.247,0.281,0.067,0.528,39,0.269,-0.3,0,0,"$535,000 "
2B,6,Ivan De Jesus Jr.,,R,R,32,15,62,55,13,4,0,1,5,7,4,0,1,10,1,0.236,0.3,0.364,0.127,0.664,75,0.273,-0.1,0,0,"$850,000 "
3B,17,Hunter Dozier,,R,R,36,33,139,123,27,8,0,1,10,12,13,1,2,35,1,0.22,0.302,0.309,0.089,0.611,62,0.295,-0.7,2,0,"$535,000 "
LF,71,Phil Ervin,,R,R,17,16,67,58,13,2,1,1,6,11,7,0,1,18,1,0.224,0.313,0.345,0.121,0.658,74,0.3,0,2,0,"$535,000 "
C,65,Kyle Farmer,,R,R,22,16,70,57,20,10,0,1,13,7,11,1,2,7,4,0.351,0.471,0.579,0.228,1.05,180,0.388,1.2,2,0,"$535,000 "
C,15,Tim Federowicz,,R,R,23,15,68,61,17,4,1,1,5,8,5,1,1,19,3,0.279,0.338,0.426,0.148,0.764,105,0.381,0.4,0,1,"$900,000 "
CF,26,Adam Frazier,,L,R,78,54,258,231,61,13,1,1,23,34,26,0,0,42,2,0.264,0.337,0.342,0.078,0.679,82,0.317,0.4,8,3,"$549,500 "
SS,40,Greg Garcia,,L,R,49,45,198,171,51,11,2,1,15,23,22,0,4,43,5,0.298,0.391,0.404,0.105,0.794,113,0.394,1.1,1,1,"$547,900 "
2B,15,Johnny Giavotella,,R,R,37,27,116,107,34,10,2,1,9,20,5,1,2,14,2,0.318,0.357,0.477,0.159,0.833,113,0.355,0.2,2,0,"$850,000 "
2B,14,Enrique Hernandez,,R,R,24,21,89,81,20,2,1,1,9,8,6,0,1,18,3,0.247,0.303,0.333,0.086,0.637,71,0.302,-0.3,1,1,"$555,000 "
SS,12,Brock Holt,,L,R,140,116,519,447,112,24,9,1,41,49,62,1,5,88,9,0.251,0.347,0.351,0.101,0.698,82,0.308,1,17,5,"$2,520,000 "
1B,67,Trey Mancini,,R,R,29,21,91,80,21,2,0,1,6,6,9,0,1,32,4,0.263,0.344,0.325,0.062,0.669,76,0.426,-0.2,0,1,"$536,000 "
C,9,Michael McKenry,,R,R,22,18,72,61,12,5,0,1,6,6,10,0,0,27,1,0.197,0.306,0.328,0.131,0.633,69,0.324,0,0,0,"$900,000 "
CF,13,Austin Meadows,,L,L,78,32,172,151,34,8,1,1,14,19,18,5,0,37,0,0.225,0.302,0.311,0.086,0.614,64,0.284,-0.5,3,7,"$535,000 "
LF,37,Angel Pagan,,S,R,35,29,129,117,27,3,1,1,10,17,11,0,0,21,3,0.231,0.297,0.299,0.068,0.596,57,0.274,-0.6,0,0,"$1,060,000 "
C,27,Kevin Plawecki,,R,R,39,35,147,131,29,6,2,1,6,15,12,3,3,30,5,0.221,0.299,0.321,0.099,0.62,67,0.277,-0.2,0,0,"$535,000 "
SS,29,Daniel Robertson,,R,R,44,41,170,150,34,6,1,1,11,17,14,0,6,40,5,0.227,0.318,0.3,0.073,0.618,66,0.303,-0.1,1,1,"$535,000 "
C,40,Pedro Severino,,R,R,37,35,141,133,41,13,0,1,22,20,7,0,0,19,2,0.308,0.34,0.429,0.12,0.769,100,0.351,1,2,0,"$535,000 "
1B,22,Dominic Smith,,L,L,11,8,35,30,8,2,0,1,2,4,5,0,0,7,2,0.267,0.371,0.433,0.167,0.805,116,0.318,0.2,0,0,"$535,000 "
C,43,Kevan Smith,,R,R,12,12,46,43,7,1,0,1,4,6,3,0,0,13,3,0.163,0.217,0.256,0.093,0.473,23,0.207,-0.2,0,0,"$535,000 "
LF,45,Daniel Sweet,,S,L,16,8,36,29,11,2,0,1,4,8,7,3,0,8,1,0.379,0.5,0.552,0.172,1.052,178,0.5,0.3,1,0,"$535,000 "
SS,3,Chris Taylor,,R,R,24,6,45,41,12,1,1,1,3,5,3,1,0,13,2,0.293,0.333,0.439,0.146,0.772,105,0.393,0.2,1,0,"$535,000 "
2B,74,Ronald Torreyes,,R,R,36,35,145,130,39,8,2,1,16,16,12,0,0,11,4,0.3,0.357,0.415,0.115,0.772,102,0.319,0.8,1,1,"$561,900 "
3B,51,Cal Towey,,L,R,11,8,32,28,7,1,0,1,1,4,4,1,0,10,0,0.25,0.344,0.393,0.143,0.737,97,0.353,0,1,0,"$535,000 "
1B,17,Sam Travis,,R,R,23,23,95,85,26,11,0,1,9,17,8,1,1,17,1,0.306,0.368,0.471,0.165,0.839,115,0.368,0.3,0,0,"$535,000 "
C,32,Stuart Turner,,R,R,10,10,41,37,12,2,0,1,5,4,2,0,2,10,0,0.324,0.39,0.459,0.135,0.85,124,0.423,0.5,1,0,"$535,000 "
2B,21,Luis Urias,,R,R,49,44,202,188,44,8,2,1,14,25,8,0,3,11,3,0.234,0.275,0.314,0.08,0.589,58,0.243,-0.2,3,0,"$535,000 "
2B,23,Carlos Asuaje,,L,R,46,27,123,106,27,5,1,0,19,10,12,1,2,22,3,0.255,0.336,0.321,0.066,0.657,78,0.314,-0.1,0,1,"$535,000 "
2B,30,Alden Carrithers,,L,R,76,44,201,179,60,15,1,0,21,24,19,4,3,25,4,0.335,0.408,0.43,0.095,0.838,123,0.39,1.5,5,1,"$535,000 "
RF,38,Jaff Decker,,L,L,9,9,41,39,6,4,0,0,2,3,1,0,1,11,1,0.154,0.195,0.256,0.103,0.452,18,0.214,-0.3,0,0,"$720,000 "
RF,24,Alex Dickerson,,L,L,13,13,51,47,7,1,0,0,3,7,4,1,0,11,0,0.149,0.216,0.17,0.021,0.386,6,0.194,-0.5,0,0,"$541,500 "
1B,15,Sebastian Elizalde,,L,R,9,7,26,25,8,0,0,0,4,1,1,0,0,6,1,0.32,0.346,0.32,0,0.666,78,0.421,0,3,0,"$535,000 "
SS,4,Nick Gordon,,L,R,23,18,84,83,22,9,2,0,7,15,0,0,1,14,3,0.265,0.274,0.422,0.157,0.695,77,0.319,0.2,1,2,"$535,000 "
CF,15,Juan Lagares,,R,R,21,13,66,60,15,2,1,0,1,4,6,0,0,12,2,0.25,0.318,0.317,0.067,0.635,72,0.312,0.2,0,0,"$6,500,000 "
1B,17,Jose Marmolejos,,L,L,13,6,32,26,3,1,0,0,3,2,5,0,1,8,2,0.115,0.281,0.154,0.038,0.435,20,0.167,-0.2,0,0,"$535,000 "
C,39,Omar Narvaez,,L,R,16,16,61,53,12,4,0,0,6,5,7,0,0,14,1,0.226,0.311,0.302,0.075,0.613,62,0.3,-0.1,0,1,"$540,000 "
SS,36,Shawn O'Malley,,S,R,37,18,75,67,13,1,0,0,3,1,4,1,2,19,3,0.194,0.26,0.209,0.015,0.469,28,0.271,-0.3,3,0,"$544,000 "
C,13,Max Pentecost,,R,R,8,7,31,30,9,2,1,0,5,4,1,0,0,4,2,0.3,0.323,0.433,0.133,0.756,97,0.346,0.1,0,0,"$535,000 "
2B,10,Jace Peterson,,L,R,63,24,151,131,30,6,1,0,12,14,18,1,1,36,0,0.229,0.327,0.29,0.061,0.617,67,0.316,0,5,1,"$555,000 "
RF,11,Rangel Ravelo,,R,R,16,9,47,42,8,1,0,0,3,2,5,1,0,17,2,0.19,0.277,0.214,0.024,0.491,34,0.32,-0.1,0,0,"$535,000 "
SS,20,Matt W. Reynolds,,R,R,11,5,33,30,5,0,0,0,1,3,3,0,0,5,1,0.167,0.242,0.167,0,0.409,14,0.2,-0.2,0,0,"$535,000 "
2B,57,T.J. Rivera,,R,R,24,5,38,36,5,1,0,0,2,2,2,1,0,7,0,0.139,0.184,0.167,0.028,0.351,-4,0.172,-0.4,0,0,"$535,000 "
SS,61,Amed Rosario,,R,R,16,10,52,52,11,1,0,0,2,5,0,0,0,20,0,0.212,0.212,0.231,0.019,0.442,19,0.344,-0.1,1,0,"$535,000 "
RF,54,Ichiro Suzuki,,L,R,70,26,147,132,43,10,1,0,8,17,13,0,1,16,1,0.326,0.388,0.417,0.091,0.804,116,0.368,0.9,2,1,"$1,020,000 "
CF,61,Andrew Toles,,L,R,117,77,371,349,82,19,6,0,22,40,18,0,2,80,3,0.235,0.276,0.324,0.089,0.599,60,0.304,-0.5,11,1,"$540,000 "
C,16,Christian Vazquez,,R,R,15,15,52,46,6,1,0,0,4,3,6,0,0,15,4,0.13,0.231,0.152,0.022,0.383,3,0.194,-0.2,0,0,"$561,000 "